mle;diplome;specialite
15035;Agent Technique;Topographie
15036;Adjoint Technique;Topographie
15039;Adjoint Technique;Génie rural
15116;Ingénieur Agronome;mécanique agricole
15156;Ingénieur Agronome;Hydraulique
15201;Ingénieur Agronome;Agro-Economie
15204;Ingénieur Agronome;Génie rural
15206;Ingénieur Agronome;Travaux ruraux
15222;Ingénieur Agronome;Génie rural
15227;Ingénieur Agronome;Travaux ruraux
15294;Ingénieur Agronome;Production animale
15312;Ingénieur Agronome;Hydraulique
15313;Ingénieur Agronome;Amélioration des plantes
15343;Adjoint Thechnique;Agriculture Général
15378;Ingénieur Agronome;Elevage
15387;Ingénieur Agronome;Technique et développement
15389;Technicien;dessin de batiment
15394;Ingénieur Agronome;Production animale
15396;Ingénieur ;Electricité
15402;Ingénieur Agronome;Agro-Economie
15415;Ingénieur Agronome;Production Végétale
15454;Ingénieur ;Statisticien- Economiste
15456;Ingénieur ;Industrie Minérale
15482;Technicien;Génie rural
15483;Technicien;Génie rural
15484;Technicien;Génie rural
15503;Ingénieur Agronome;Horticulture
15531;Cycle Normale;Finance Comptabilité
15616;Ingénieur Agronome;Génie rural
15656;Master;Finance Comptabilité
15657;Ingénieur Agronome;Industrie Alimentaire
15658;Ingénieur Agronome;Sience Technique en production fruitière
15681;Ingénieur Agronome;Vulgarisateur
15684;INGENIEUR EN STATESTIQUE;Statisticien- Economiste
15687;Master;Ingénierie de l'assainissement et management de l
15693;Master;DROIT
15716;management financier de l'entreprise;Finances
10954;NEANT;Menuiserie
14792;NEANT;NEANT
14873;Adjoint Thechnique;Agriculture Général
14885;NEANT;NEANT
14935;NEANT;NEANT
14943;Permis de conduire;NEANT
14946;NEANT;NEANT
14967;NEANT;NEANT
15003;NEANT;NEANT
15013;Ingénieur Agronome;Génie rural
15032;Adjoint Thechnique;Arch. Et Urbanisme
15044;Adjoint Thechnique;Agriculture
15055;Technicien;Agriculture
15059;NEANT;NEANT
15061;NEANT;NEANT
15062;NEANT;NEANT
15064;NEANT;NEANT
15070;NEANT;NEANT
15082;CQP;mecanique auto
15085;NEANT;NEANT
15088;NEANT;NEANT
15089;NEANT;NEANT
15106;NEANT;NEANT
15128;Adjoint Thechnique;Génie rural
15132;Technicien ;Informatique de gestion
15136;Permis de conduire;NEANT
15141;Permis de conduire;NEANT
15150;NEANT;NEANT
15155;Ingénieur Agronome;Agro-Economie
15161;Ingénieur Agronome;Travaux ruraux
15164;Technicien;dessin de batiment
15174;Adjoint Thechnique;Agriculture
15186;Adjoint Thechnique;Agriculture
15188;NEANT;NEANT
15189;NEANT;NEANT
15190;NEANT;NEANT
15192;NEANT;NEANT
15195;NEANT;NEANT
15200;Technicien;Maçonnerie
15205;Ingénieur Agronome;Travaux ruraux
15207;Technicien;Gestion Entreprise
15208;NEANT;NEANT
15209;NEANT;NEANT
15210;NEANT;NEANT
15211;Technicien ;COMPTABILITE
15216;NEANT;NEANT
15217;NEANT;NEANT
15218;NEANT;NEANT
15220;NEANT;NEANT
15221;NEANT;NEANT
15223;NEANT;NEANT
15226;Ingénieur Agronome;Horticulture
15229;Technicien;Electronique
15230;NEANT;NEANT
15232;NEANT;NEANT
15233;NEANT;NEANT
15236;NEANT;NEANT
15237;Technicien ;COMPTABILITE
15241;NEANT;NEANT
15247;NEANT;NEANT
15248;NEANT;NEANT
15249;NEANT;NEANT
15251;NEANT;NEANT
15253;NEANT;NEANT
15254;NEANT;NEANT
15257;NEANT;NEANT
15258;Adjoint Thechnique;Agriculture Général
15260;Adjoint Thechnique;Génie rural
15261;Agent Technique;Génie rural
15263;NEANT;NEANT
15267;NEANT;NEANT
15268;NEANT;NEANT
15269;Agent Technique;Arboriculture
15270;NEANT;NEANT
15271;NEANT;NEANT
15272;NEANT;NEANT
15273;NEANT;NEANT
15274;NEANT;NEANT
15277;NEANT;NEANT
15278;NEANT;NEANT
15282;CQP;mecanique auto
15284;NEANT;NEANT
15285;Technicien;Metreur dessinateur
15287;NEANT;NEANT
15288;NEANT;NEANT
15289;NEANT;NEANT
15290;NEANT;NEANT
15291;Technicien;Elevage
15297;NEANT;Arabe 
15299;NEANT;NEANT
15301;Technicien;dessin de batiment
15302;Technicien;conducteur des travaux
15304;Technicien;NEANT
15308;NEANT;NEANT
15311;NEANT;NEANT
15315;Technicien;Informatique
15316;CFP;Mécanique
15317;Permis de conduire;NEANT
15319;Permis de conduire;NEANT
15321;Permis de conduire;NEANT
15323;Permis de conduire;NEANT
15324;NEANT;NEANT
15325;NEANT;NEANT
15326;Technicien;COMPTABILITE
15328;NEANT;NEANT
15329;NEANT;NEANT
15330;NEANT;NEANT
15331;NEANT;NEANT
15332;NEANT;NEANT
15333;NEANT;NEANT
15334;NEANT;NEANT
15335;NEANT;NEANT
15337;NEANT;NEANT
15339;NEANT;NEANT
15342;Technicien;COMPTABILITE
15347;NEANT;NEANT
15354;NEANT;NEANT
15356;NEANT;NEANT
15363;NEANT;NEANT
15364;NEANT;NEANT
15383;Technicien;Secrétariat
15384;Technicien;Gestion Entreprise
15385;Technicien;Electronique
15390;Technicien;Informatique de gestion
15391;Technicien;Secrétariat
15392;Technicien;Secrétariat
15397;BAC SC. EX.BIL;NEANT
15399;Adjoint Thechnique;Génie rural
15400;Technicien;Horticulture
15401;Technicien;Génie rural
15403;Licence;Physique
15404;Adjoint Thechnique;Génie rural
15405;Technicien;Electronique
15407;Technicien;Génie rural
15408;Technicien;Secrétariat
15409;Technicien;Secrétariat
15416;Technicien;mécanique agricole
15421;NEANT;NEANT
15422;NEANT;NEANT
15424;NEANT;NEANT
15425;NEANT;NEANT
15426;NEANT;NEANT
15427;Technicien ;Informatique de gestion
15432;NEANT;NEANT
15442;NEANT;Dactylo Bilingue 
15444;Licence;Biologie
15459;Technicien;Informatique de gestion
15460;CQP;mecanique auto
15461;CQP;mecanique auto
15462;CQP;Mécanique
15463;CQP;Electricité
15464;Technicien;Informatique de gestion
15465;CQP;NEANT
15466;CQP;mecanique auto
15467;CQP;NEANT
15468;Technicien ;Informatique de gestion
15469;CQP;NEANT
15470;CQP;NEANT
15474;NEANT;NEANT
15475;NEANT;NEANT
15476;NEANT;NEANT
15481;Technicien;Génie rural
15485;Technicien;Informatique
15489;Technicien;COMPTABILITE
15490;Technicien;Agriculture
15491;Adjoint Thechnique;Agriculture Général
15492;Cycle Normale;Finance Comptabilité
15494;CQP;Agriculture
15495;CQP;Agriculture
15496;Technicien;COMPTABILITE
15497;CQP;Agriculture
15498;CQP;Agriculture
15499;Technicien;Informatique de gestion
15500;CQP;Agriculture
15506;CQP;Agriculture
15507;CQP;Agriculture
15508;Technicien;Informatique de gestion
15509;CQP;Agriculture
15510;CQP;Agriculture
15511;CQP;Agriculture
15513;CQP;Agriculture
15514;CQP;Agriculture
15515;Technicien;Informatique de gestion
15516;Technicien;Informatique de gestion
15517;Technicien;Informatique de gestion
15518;Technicien;Génie rural
15519;Technicien ;Génie rural
15522;Technicien;Génie rural
15523;NEANT;NEANT
15532;CQP;Agriculture
15533;CQP;Agriculture
15534;CQP;Agriculture
15535;CQP;Agriculture
15536;Technicien;Informatique de gestion
15537;CQP;Agriculture
15538;CQP;Agriculture
15539;Technicien;Génie rural
15540;Technicien;Génie rural
15541;Technicien;Génie rural
15542;Technicien;Génie rural
15543;Licence;COMPTABILITE
15545;Technicien;COMPTABILITE
15546;Technicien;Génie rural
15547;CQP;Agriculture
15548;CQP;Agriculture
15549;Technicien;Génie rural
15553;NEANT;NEANT
15554;Mécanique Auto;mecanique auto
15555;CQP;mecanique auto
15556;CQP;mecanique auto
15558;CQP;mecanique auto
15559;NEANT;NEANT
15560;CQP;mecanique auto
15561;NEANT;NEANT
15562;Technicien ;Informatique de gestion
15564;NEANT;NEANT
15565;Ingénieur ;Informatique
15566;Ingénieur ;Informatique
15572;NEANT;NEANT
15574;NEANT;NEANT
15576;CQP;mecanique auto
15577;Technicien;COMPTABILITE
15578;Licence;Economie   
15582;NEANT;NEANT
15584;NEANT;NEANT
15586;NEANT;NEANT
15589;NEANT;NEANT
15590;NEANT;NEANT
15593;NEANT;NEANT
15594;NEANT;NEANT
15596;NEANT;NEANT
15597;NEANT;NEANT
15598;NEANT;NEANT
15600;NEANT;NEANT
15602;NEANT;NEANT
15605;NEANT;NEANT
15608;NEANT;NEANT
15610;NEANT;NEANT
15611;NEANT;NEANT
15612;NEANT;NEANT
15613;NEANT;NEANT
15615;NEANT;NEANT
15618;NEANT;NEANT
15619;NEANT;NEANT
15620;NEANT;NEANT
15621;NEANT;NEANT
15622;CQP;mecanique auto
15623;NEANT;NEANT
15625;NEANT;NEANT
15626;NEANT;NEANT
15627;NEANT;NEANT
15628;NEANT;NEANT
15629;NEANT;NEANT
15630;NEANT;NEANT
15631;NEANT;NEANT
15632;NEANT;NEANT
15633;NEANT;NEANT
15636;NEANT;NEANT
15641;NEANT;NEANT
15642;NEANT;NEANT
15643;NEANT;NEANT
15644;NEANT;NEANT
15645;NEANT;NEANT
15646;NEANT;NEANT
15647;NEANT;NEANT
15648;NEANT;NEANT
15649;NEANT;NEANT
15650;NEANT;NEANT
15651;NEANT;NEANT
15653;NEANT;NEANT
15655;Licence;Science économique
15661;Ingénieur Agronome;Horticulture
15664;Ingénieur Agronome;Génie rural
15666;NEANT;NEANT
15667;NEANT;NEANT
15668;NEANT;NEANT
15669;NEANT;NEANT
15670;NEANT;NEANT
15671;NEANT;NEANT
15672;NEANT;NEANT
15674;NEANT;NEANT
15675;NEANT;NEANT
15676;NEANT;NEANT
15677;NEANT;NEANT
15678;NEANT;NEANT
15680;Ingénieur Agronome;Horticulture
15683;Ingénieur Agronome;Production animale
15685;Ingénieur Agronome;Production animale
15686;Ingénieur Agronome;Travaux ruraux
15688;Master;Biotechnologie et Développement durable des agros
15689;Master;Matériaux et systèmes
15690;Master;Neurosciences et Pharmatologie
15691;Master;Amélioration de la Production Agricole
15692;Ingénieur d'Etat;Textile et Habillement
15696;TECHNICIEN SPECIALISE;Topographie
15697;TECHNICIEN SPECIALISE;Topographie
15698;TECHNICIEN SPECIALISE;Informatique (technique des réseaux)
15699;TECHNICIEN;Horticulture
15700;TECHNICIEN SPECIALISE;Hydraulique
15701;TECHNICIEN SPECIALISE;Hydraulique
15702;;Sans
15704;Technicien;Informatique
15705;Technicien;COMPTABILITE
15706;Technicien;Horticulture
15707;DROIT PRIVE;DROIT
15708;1986;Production Végétale
15709;Technicien Spécialisé;Gestion Entreprise
15710;Ingénieur en génie rural;Génie rural
15711;INGENIEUR EN GENIE RURAL;Génie rural
15713;GESTION ET MAITRISE DE L'EAU;Gestion 
15714;Tech-spécialsé en gestion et maitrise de l'eau;Gestion 
15715;;Génie rural
15717;DIPLOME D'INGENIEUR EN GENIE RURAL;Génie rural
15718;DIPLOME D'INGENIEUR EN GR;Génie rural
15719;DIPLOME D'INGENIEUR EN GR;Génie rural
15720;DIPLOME EN GESTION DES ENTRPRISES;COMPTABILITE
15721;DIPLOME D'INGENIEUR EN ARBORICULTURE FRUITIERE;Arboriculture
15723;DIPLOME EN GESTION ET MAITRISE DE L'EAU;Génie rural
15724;DIPLOME EN GESTION ET MAITRISE DE L'EAU;M.A
15725;DIPLOME EN GESTION DES ENTREPRISES;Gestion Entreprise
15726;DIPLOME EN GENIE RURAL;Génie rural
15727;Matériaux : Elaboration et Application;Physique
15728;Scrétariat de Direction;Secrétariat
15729;Informaliste - Option Informatique Documentaire;Informatique
15730;Technicien Comptable;COMPTABILITE
15731;ING D'ETAT GR;Génie rural
15732;ING D'ETAT G.R.;Génie rural
15733;T-spécialisé en comptabilité et gestion (BTS);COMPTABILITE
15734;T-SPECIALISE GESTION DES ENTREPRISES;Gestion Entreprise
15735;T.SPECIALSE GESTION ET MAITRISE DE L'EAU;Gestion 
15736;T.SPECIALISE EN ELEVAGE DES RUMINANTS;Elevage
15737;ING D ETAT EN HORTICULTURE;Horticulture
15738;Ing Etat Arboriculture, Oleiculture Viticulture;Arboriculture
15739;ing d Etat en Horticulture;Horticulture
15740;Technicien en Horticulture;Horticulture
15741;Technicien en Horticulture;Horticulture
15742;Technicien en Horticulture;Horticulture
15743;Technicien en Horticulture;Horticulture
15744;Technicien en Horticulture;Horticulture
15745;Technicien en Horticulutre;Horticulture
15746;Technicien en Horticulture;Horticulture
15747;Technicien en Horticulture;Horticulture
15748;Technicien en Horticulture;Horticulture
15749;Ingénieur d'Etat en Génie Rural;Génie rural
15750;Ingénieur d'Etat en Agro-Economie ;Agro-Economie
15751;Diplôme d'ingénieur en Génie Rural;Génie rural
15752;Diplôme d'ingénieur en Génie Rural;Génie rural
15753;Diplôme d'ingénieur Agronome;Développement rural
15754;Diplôme d'ingénieur Agronome;Développement rural
15755;diplôme d'Ingénieur d'Etat;Agro-Economie
15756;Diplôme d'ingénieur en Génie Rural;Génie rural
15757;Diplôme du Master en Droit du ontentieux;Droit
15758;TS en Techniques des Réseaux Informatiques;Informatique (technique des réseaux)
15759;Diplôme de Technicien en Horticulture;Horticulture
15760;Technicein en Horticulture;Horticulture
15761;TS en Gestion des Entreprises;Gestion Entreprise
15762;TS Gestion et maitrise de l'eau;Génie rural
15763;TS Géomètre Topographe;Topographie
15764;Diplôme de Technicien en Horticulture;Horticulture
15765;TS en Bâtiment;Batiment
15766;TS Gestion et maitrise de l'eau;Génie rural
15767;Ingénieur Agronome;Horticulture
15768;TS en Electronique des systemes automatisés;Electromecanique
